"","Date","Open","High","Low","Close","Volume","Adjusted"
"1","2019-01-25",107.239998,107.879997,106.199997,107.169998,31225600,103.632736
"2","2019-01-28",106.260002,106.480003,104.660004,105.080002,29476700,101.611717
"3","2019-01-29",104.879997,104.970001,102.169998,102.940002,31490500,99.542358
"4","2019-01-30",104.620003,106.379997,104.330002,106.379997,49471900,102.868813
"5","2019-01-31",103.800003,105.220001,103.18,104.43,55636400,100.983162
"6","2019-02-01",103.779999,104.099998,102.349998,102.779999,35535700,99.387657
"7","2019-02-04",102.870003,105.800003,102.769997,105.739998,31315100,102.249931
"8","2019-02-05",106.059998,107.269997,105.959999,107.220001,27325400,103.681091
"9","2019-02-06",107,107,105.529999,106.029999,20609800,102.530357
"10","2019-02-07",105.190002,105.589996,104.290001,105.269997,29760700,101.795448
"11","2019-02-08",104.389999,105.779999,104.260002,105.669998,21461100,102.182243
"12","2019-02-11",106.199997,106.580002,104.970001,105.25,18914100,101.776108
"13","2019-02-12",106.139999,107.139999,105.480003,106.889999,25056600,103.361977
"14","2019-02-13",107.5,107.779999,106.709999,106.809998,18394900,103.284607
"15","2019-02-14",106.309998,107.290001,105.660004,106.900002,21784700,103.371651
"16","2019-02-15",107.910004,108.300003,107.360001,108.220001,26606900,104.648079
"17","2019-02-19",107.790001,108.660004,107.779999,108.169998,18038500,104.599739
"18","2019-02-20",107.860001,107.940002,106.290001,107.150002,21607700,104.055901
"19","2019-02-21",106.900002,109.480003,106.870003,109.410004,29063200,106.250656
"20","2019-02-22",110.050003,111.199997,109.82,110.970001,27763200,107.765602
"21","2019-02-25",111.760002,112.18,111.260002,111.589996,23750600,108.367691
"22","2019-02-26",111.260002,113.239998,111.169998,112.360001,21536700,109.115456
"23","2019-02-27",111.690002,112.360001,110.879997,112.169998,21487100,108.930946
"24","2019-02-28",112.040001,112.879997,111.730003,112.029999,29083900,108.794998
"25","2019-03-01",112.889999,113.019997,111.669998,112.529999,23501200,109.28054
"26","2019-03-04",113.019997,113.25,110.800003,112.260002,26608000,109.018349
"27","2019-03-05",112.25,112.389999,111.230003,111.699997,19538300,108.47451
"28","2019-03-06",111.870003,112.660004,111.43,111.75,17687000,108.523071
"29","2019-03-07",111.400002,111.550003,109.870003,110.389999,25339000,107.202347
"30","2019-03-08",109.160004,110.709999,108.800003,110.510002,22818400,107.318871
"31","2019-03-11",110.989998,112.949997,110.980003,112.830002,26491600,109.571892
"32","2019-03-12",112.82,113.989998,112.650002,113.620003,26132700,110.339066
"33","2019-03-13",114.129997,115,113.779999,114.5,35513800,111.193649
"34","2019-03-14",114.540001,115.199997,114.330002,114.589996,30763400,111.281075
"35","2019-03-15",115.339996,117.25,114.589996,115.910004,54681100,112.562958
"36","2019-03-18",116.169998,117.610001,116.050003,117.57,31207600,114.175011
"37","2019-03-19",118.089996,118.440002,116.989998,117.650002,37588700,114.252708
"38","2019-03-20",117.389999,118.75,116.709999,117.519997,28113300,114.12645
"39","2019-03-21",117.139999,120.82,117.089996,120.220001,29854400,116.748489
"40","2019-03-22",119.5,119.589996,117.040001,117.050003,33624500,113.670029
"41","2019-03-25",116.559998,118.010002,116.32,117.660004,27067100,114.262421
"42","2019-03-26",118.620003,118.709999,116.849998,117.910004,26097700,114.505188
"43","2019-03-27",117.879997,118.209999,115.519997,116.769997,22733400,113.398109
"44","2019-03-28",117.440002,117.580002,116.129997,116.93,18334800,113.553497
"45","2019-03-29",118.07,118.32,116.959999,117.940002,25399800,114.534317
"46","2019-04-01",118.949997,119.110001,118.099998,119.019997,22789100,115.583122
"47","2019-04-02",119.059998,119.480003,118.519997,119.190002,18142300,115.74823
"48","2019-04-03",119.860001,120.43,119.150002,119.970001,22860700,116.505707
"49","2019-04-04",120.099998,120.230003,118.379997,119.360001,20112800,115.913338
"50","2019-04-05",119.389999,120.230003,119.370003,119.889999,15826200,116.428024
"51","2019-04-08",119.809998,120.019997,118.639999,119.93,15116200,116.466866
"52","2019-04-09",118.629997,119.540001,118.580002,119.279999,17612000,115.835632
"53","2019-04-10",119.760002,120.349998,119.540001,120.190002,16477200,116.71936
"54","2019-04-11",120.540001,120.849998,119.919998,120.330002,14209100,116.855324
"55","2019-04-12",120.639999,120.980003,120.370003,120.949997,19745100,117.457397
"56","2019-04-15",120.940002,121.580002,120.57,121.050003,15792600,117.554527
"57","2019-04-16",121.639999,121.650002,120.099998,120.769997,14071800,117.282608
"58","2019-04-17",121.239998,121.849998,120.540001,121.769997,19300900,118.253723
"59","2019-04-18",122.190002,123.519997,121.300003,123.370003,27991000,119.807533
"60","2019-04-22",122.620003,124,122.57,123.760002,15648700,120.186264
"61","2019-04-23",124.099998,125.580002,123.830002,125.440002,24025500,121.817757
"62","2019-04-24",125.790001,125.849998,124.519997,125.010002,31257000,121.400169
"63","2019-04-25",130.059998,131.369995,128.830002,129.149994,38033900,125.420631
"64","2019-04-26",129.699997,130.520004,129.020004,129.889999,23654900,126.139244
"65","2019-04-29",129.899994,130.179993,129.350006,129.770004,16324200,126.022743
"66","2019-04-30",129.809998,130.699997,129.389999,130.600006,24166500,126.828751
"67","2019-05-01",130.529999,130.649994,127.699997,127.879997,26821700,124.187294
"68","2019-05-02",127.980003,128,125.519997,126.209999,27350200,122.565521
"69","2019-05-03",127.360001,129.429993,127.25,128.899994,24911100,125.177826
"70","2019-05-06",126.389999,128.559998,126.110001,128.149994,24239800,124.449493
"71","2019-05-07",126.459999,127.18,124.220001,125.519997,36017700,121.895447
"72","2019-05-08",125.440002,126.370003,124.75,125.510002,28419000,121.885735
"73","2019-05-09",124.290001,125.790001,123.57,125.5,27235800,121.876022
"74","2019-05-10",124.910004,127.93,123.82,127.129997,30915100,123.458954
"75","2019-05-13",124.110001,125.550003,123.040001,123.349998,33944900,119.788101
"76","2019-05-14",123.870003,125.879997,123.699997,124.730003,25266300,121.12825
"77","2019-05-15",124.260002,126.709999,123.699997,126.019997,24722700,122.834023
"78","2019-05-16",126.75,129.380005,126.459999,128.929993,30112200,125.670433
"79","2019-05-17",128.309998,130.460007,127.919998,128.070007,25770500,124.832191
"80","2019-05-20",126.519997,127.589996,125.760002,126.220001,23706900,123.028969
"81","2019-05-21",127.43,127.529999,126.580002,126.900002,15293300,123.691757
"82","2019-05-22",126.620003,128.240005,126.519997,127.669998,15396500,124.442291
"83","2019-05-23",126.199997,126.290001,124.739998,126.18,23603800,122.989967
"84","2019-05-24",126.910004,127.419998,125.970001,126.239998,14123400,123.048462
"85","2019-05-28",126.980003,128,126.050003,126.160004,23128400,122.97049
"86","2019-05-29",125.379997,125.389999,124.040001,124.940002,22763100,121.781319
"87","2019-05-30",125.260002,125.760002,124.779999,125.730003,16829600,122.551361
"88","2019-05-31",124.230003,124.620003,123.32,123.68,26646800,120.553169
"89","2019-06-03",123.849998,124.370003,119.010002,119.839996,37983600,116.810242
"90","2019-06-04",121.279999,123.279999,120.650002,123.160004,29382600,120.046333
"91","2019-06-05",124.949997,125.870003,124.209999,125.830002,24926100,122.648834
"92","2019-06-06",126.440002,127.970001,125.599998,127.82,21459000,124.588516
"93","2019-06-07",129.190002,132.25,128.259995,131.399994,33885600,128.078018
"94","2019-06-10",132.399994,134.080002,132,132.600006,26477100,129.24765
"95","2019-06-11",133.880005,134.240005,131.279999,132.100006,23913700,128.7603
"96","2019-06-12",131.399994,131.970001,130.710007,131.490005,17092500,128.165741
"97","2019-06-13",131.979996,133,131.559998,132.320007,17200800,128.974747
"98","2019-06-14",132.259995,133.789993,131.639999,132.449997,17821700,129.101471
"99","2019-06-17",132.630005,133.729996,132.529999,132.850006,14517800,129.491348
"100","2019-06-18",134.190002,135.240005,133.570007,135.160004,25934500,131.74295
"101","2019-06-19",135,135.929993,133.809998,135.690002,23744400,132.259567
"102","2019-06-20",137.449997,137.660004,135.720001,136.949997,33042600,133.487701
"103","2019-06-21",136.580002,137.729996,136.460007,136.970001,36727900,133.507187
"104","2019-06-24",137,138.399994,137,137.779999,20628800,134.296707
"105","2019-06-25",137.25,137.589996,132.729996,133.429993,33327400,130.056656
"106","2019-06-26",134.350006,135.740005,133.600006,133.929993,23657700,130.544022
"107","2019-06-27",134.139999,134.710007,133.509995,134.149994,16557500,130.758484
"108","2019-06-28",134.570007,134.600006,133.160004,133.960007,30043000,130.573288
"109","2019-07-01",136.630005,136.699997,134.970001,135.679993,22613500,132.249771
"110","2019-07-02",136.119995,136.589996,135.339996,136.580002,15237800,133.127014
"111","2019-07-03",136.800003,137.740005,136.289993,137.460007,13629300,133.984818
"112","2019-07-05",135.940002,137.330002,135.720001,137.059998,18141100,133.594879
"113","2019-07-08",136.399994,137.100006,135.369995,136.960007,16779700,133.497421
"114","2019-07-09",136,136.970001,135.800003,136.460007,19953100,133.010071
"115","2019-07-10",137.130005,138.580002,137.020004,137.850006,24204400,134.364944
"116","2019-07-11",138.199997,139.220001,137.869995,138.399994,22327900,134.901031
"117","2019-07-12",138.850006,139.130005,138.009995,138.899994,18936800,135.388382
"118","2019-07-15",139.440002,139.539993,138.460007,138.899994,16651500,135.388382
"119","2019-07-16",138.960007,139.050003,136.520004,137.080002,22726100,133.61441
"120","2019-07-17",137.699997,137.929993,136.220001,136.270004,20211000,132.824875
"121","2019-07-18",135.550003,136.619995,134.669998,136.419998,30381800,132.971085
"122","2019-07-19",140.220001,140.669998,136.449997,136.619995,48992400,133.166016
"123","2019-07-22",137.410004,139.190002,137.330002,138.429993,25074900,134.930267
"124","2019-07-23",139.759995,139.990005,138.029999,139.289993,18034600,135.768509
"125","2019-07-24",138.899994,140.740005,138.850006,140.720001,20738300,137.162354
"126","2019-07-25",140.429993,140.610001,139.320007,140.190002,18356900,136.645798
"127","2019-07-26",140.369995,141.679993,140.300003,141.339996,19037600,137.766693
"128","2019-07-29",141.5,141.509995,139.369995,141.029999,16605900,137.464523
"129","2019-07-30",140.139999,141.220001,139.800003,140.350006,16846500,136.801743
"130","2019-07-31",140.330002,140.490005,135.080002,136.270004,38598800,132.824875
"131","2019-08-01",137,140.940002,136.929993,138.059998,40557500,134.569656
"132","2019-08-02",138.089996,138.320007,135.259995,136.899994,30791600,133.438934
"133","2019-08-05",133.300003,133.929993,130.779999,132.210007,42749600,128.867523
"134","2019-08-06",133.800003,135.679993,133.210007,134.690002,32696700,131.284836
"135","2019-08-07",133.789993,135.649994,131.830002,135.279999,33414500,131.859894
"136","2019-08-08",136.600006,138.990005,135.929993,138.889999,27496500,135.378632
"137","2019-08-09",138.610001,139.380005,136.460007,137.710007,23466700,134.228485
"138","2019-08-12",137.070007,137.860001,135.240005,135.789993,20484300,132.35701
"139","2019-08-13",136.050003,138.800003,135,138.600006,25154600,135.095993
"140","2019-08-14",136.360001,136.919998,133.669998,133.979996,32527300,131.027634
"141","2019-08-15",134.389999,134.580002,132.25,133.679993,28074400,130.734238
"142","2019-08-16",134.880005,136.460007,134.720001,136.130005,24449100,133.13028
"143","2019-08-19",137.850006,138.550003,136.889999,138.410004,24355700,135.360016
"144","2019-08-20",138.210007,138.710007,137.240005,137.259995,21170800,134.235336
"145","2019-08-21",138.550003,139.490005,138,138.789993,14970300,135.731644
"146","2019-08-22",138.660004,139.199997,136.289993,137.779999,18697000,134.743896
"147","2019-08-23",137.190002,138.350006,132.800003,133.389999,38508600,130.450638
"148","2019-08-26",134.990005,135.559998,133.899994,135.449997,20312600,132.465256
"149","2019-08-27",136.389999,136.720001,134.660004,135.740005,23102100,132.748886
"150","2019-08-28",134.880005,135.759995,133.550003,135.559998,17393300,132.572815
"151","2019-08-29",137.25,138.440002,136.910004,138.119995,20168700,135.076416
"152","2019-08-30",139.149994,139.179993,136.270004,137.860001,23940100,134.822128
"153","2019-09-03",136.610001,137.199997,135.699997,136.039993,18869300,133.042221
"154","2019-09-04",137.300003,137.690002,136.479996,137.630005,17995900,134.597244
"155","2019-09-05",139.110001,140.380005,138.759995,140.050003,26101800,136.963867
"156","2019-09-06",140.029999,140.179993,138.199997,139.100006,20824500,136.034836
"157","2019-09-09",139.589996,139.75,136.460007,137.520004,25773900,134.489624
"158","2019-09-10",136.800003,136.889999,134.509995,136.080002,28903400,133.081375
"159","2019-09-11",135.910004,136.270004,135.089996,136.119995,24726100,133.120468
"160","2019-09-12",137.850006,138.419998,136.869995,137.520004,27010000,134.489624
"161","2019-09-13",137.779999,138.059998,136.570007,137.320007,23363100,134.294052
"162","2019-09-16",135.830002,136.699997,135.660004,136.330002,16731400,133.325867
"163","2019-09-17",136.960007,137.520004,136.429993,137.389999,17814200,134.362503
"164","2019-09-18",137.360001,138.669998,136.529999,138.520004,23982100,135.46759
"165","2019-09-19",140.300003,142.369995,140.070007,141.070007,35772100,137.961411
"166","2019-09-20",141.009995,141.649994,138.25,139.440002,39167300,136.367355
"167","2019-09-23",139.229996,139.630005,138.440002,139.139999,17139300,136.073929
"168","2019-09-24",140.360001,140.690002,136.880005,137.380005,29773200,134.352707
"169","2019-09-25",137.5,139.960007,136.029999,139.360001,21382000,136.289093
"170","2019-09-26",139.440002,140.179993,138.440002,139.539993,17456600,136.465134
"171","2019-09-27",140.149994,140.360001,136.649994,137.729996,22477700,134.695007
"172","2019-09-30",138.050003,139.220001,137.779999,139.029999,17280900,135.966339
"173","2019-10-01",139.660004,140.25,137,137.070007,21466600,134.049561
"174","2019-10-02",136.25,136.369995,133.580002,134.649994,30521700,131.682877
"175","2019-10-03",134.949997,136.75,133.220001,136.279999,24132900,133.276962
"176","2019-10-04",136.75,138.25,136.419998,138.119995,22897700,135.076416
"177","2019-10-07",137.139999,138.179993,137.020004,137.119995,15303700,134.09845
"178","2019-10-08",137.080002,137.759995,135.619995,135.669998,25550500,132.680405
"179","2019-10-09",137.460007,138.699997,136.970001,138.240005,19749900,135.193741
"180","2019-10-10",138.490005,139.669998,138.25,139.100006,17654600,136.034836
"181","2019-10-11",140.119995,141.029999,139.5,139.679993,25446000,136.602036
"182","2019-10-14",139.690002,140.289993,139.520004,139.550003,13304300,136.474915
"183","2019-10-15",140.059998,141.789993,139.809998,141.570007,19695700,138.450378
"184","2019-10-16",140.789993,140.990005,139.529999,140.410004,20751600,137.315948
"185","2019-10-17",140.949997,141.419998,139.020004,139.690002,21460600,136.611832
"186","2019-10-18",139.759995,140,136.559998,137.410004,32273500,134.382065
"187","2019-10-21",138.449997,138.5,137.009995,138.429993,20078200,135.379578
"188","2019-10-22",138.970001,140.009995,136.259995,136.369995,27431000,133.364944
"189","2019-10-23",136.880005,137.449997,135.610001,137.240005,29844600,134.215805
"190","2019-10-24",139.389999,140.419998,138.669998,139.940002,37029300,136.856323
"191","2019-10-25",139.339996,141.139999,139.199997,140.729996,25959700,137.628891
"192","2019-10-28",144.399994,145.669998,143.509995,144.190002,35280100,141.012665
"193","2019-10-29",144.080002,144.5,142.649994,142.830002,20589500,139.682632
"194","2019-10-30",143.520004,145,142.789993,144.610001,18496600,141.423401
"195","2019-10-31",144.899994,144.929993,142.990005,143.369995,24605100,140.210724
"196","2019-11-01",144.259995,144.419998,142.970001,143.720001,33128400,140.553009
"197","2019-11-04",144.830002,145,144.160004,144.550003,16912000,141.364716
"198","2019-11-05",144.970001,145.020004,143.910004,144.460007,18250200,141.276718
"199","2019-11-06",144.369995,144.520004,143.199997,144.059998,16575800,140.885498
"200","2019-11-07",143.839996,144.880005,143.770004,144.259995,17786700,141.081131
"201","2019-11-08",143.979996,145.990005,143.759995,145.960007,16732700,142.743652
"202","2019-11-11",145.339996,146.419998,144.729996,146.110001,14362600,142.89035
"203","2019-11-12",146.279999,147.570007,146.059998,147.070007,18641600,143.829208
"204","2019-11-13",146.740005,147.460007,146.279999,147.309998,16919200,144.063889
"205","2019-11-14",147.020004,148.410004,147,148.059998,19729800,144.797394
"206","2019-11-15",148.929993,149.990005,148.270004,149.970001,23485700,146.665268
"207","2019-11-18",150.070007,150.550003,148.979996,150.339996,21534000,147.02713
"208","2019-11-19",150.880005,151.330002,150.199997,150.389999,23935700,147.076035
"209","2019-11-20",150.309998,150.839996,148.460007,149.619995,25696800,146.820908
"210","2019-11-21",149.399994,149.800003,148.5,149.479996,18576100,146.683533
"211","2019-11-22",150.070007,150.300003,148.820007,149.589996,15901800,146.791458
"212","2019-11-25",150,151.350006,149.919998,151.229996,22420900,148.400757
"213","2019-11-26",151.360001,152.419998,151.320007,152.029999,24620100,149.185806
"214","2019-11-27",152.330002,152.5,151.520004,152.320007,15184400,149.470413
"215","2019-11-29",152.100006,152.300003,151.279999,151.380005,11977300,148.547989
"216","2019-12-02",151.809998,151.830002,148.320007,149.550003,27418400,146.752213
"217","2019-12-03",147.490005,149.429993,146.649994,149.309998,24066000,146.516708
"218","2019-12-04",150.139999,150.179993,149.199997,149.850006,17574700,147.046585
"219","2019-12-05",150.050003,150.320007,149.479996,149.929993,17869100,147.125107
"220","2019-12-06",150.990005,151.869995,150.270004,151.75,16403500,148.911041
"221","2019-12-09",151.070007,152.210007,150.910004,151.360001,16687400,148.528336
"222","2019-12-10",151.289993,151.889999,150.759995,151.130005,16476100,148.302658
"223","2019-12-11",151.539993,151.869995,150.330002,151.699997,18856600,148.861984
"224","2019-12-12",151.649994,153.440002,151.020004,153.240005,24612100,150.373184
"225","2019-12-13",153,154.889999,152.830002,154.529999,23845400,151.639053
"226","2019-12-16",155.110001,155.899994,154.820007,155.529999,24144200,152.620331
"227","2019-12-17",155.449997,155.710007,154.449997,154.690002,25425600,151.796082
"228","2019-12-18",154.300003,155.479996,154.179993,154.369995,24129200,151.48204
"229","2019-12-19",154,155.770004,153.75,155.710007,24958900,152.796982
"230","2019-12-20",157.350006,158.490005,156.289993,157.410004,53477500,154.465179
"231","2019-12-23",158.119995,158.119995,157.270004,157.410004,17718200,154.465179
"232","2019-12-24",157.479996,157.710007,157.119995,157.380005,8989200,154.435745
"233","2019-12-26",157.559998,158.729996,157.399994,158.669998,14520600,155.701584
"234","2019-12-27",159.449997,159.550003,158.220001,158.960007,18412800,155.986176
"235","2019-12-30",158.990005,159.020004,156.729996,157.589996,16348400,154.641785
"236","2019-12-31",156.770004,157.770004,156.449997,157.699997,18369400,154.749741
"237","2020-01-02",158.779999,160.729996,158.330002,160.619995,22622100,157.615097
"238","2020-01-03",158.320007,159.949997,158.059998,158.619995,21116200,155.652542
"239","2020-01-06",157.080002,159.100006,156.509995,159.029999,20813700,156.054855
"240","2020-01-07",159.320007,159.669998,157.320007,157.580002,21634100,154.632019
"241","2020-01-08",158.929993,160.800003,157.949997,160.089996,27746500,157.095047
"242","2020-01-09",161.839996,162.220001,161.029999,162.089996,21385000,159.057617
"243","2020-01-10",162.820007,163.220001,161.179993,161.339996,20725900,158.32164
"244","2020-01-13",161.759995,163.309998,161.259995,163.279999,21626500,160.225327
"245","2020-01-14",163.389999,163.600006,161.720001,162.130005,23477400,159.096878
"246","2020-01-15",162.619995,163.940002,162.570007,163.179993,21417900,160.127197
"247","2020-01-16",164.350006,166.240005,164.029999,166.169998,23865400,163.061279
"248","2020-01-17",167.419998,167.470001,165.429993,167.100006,34371700,163.973892
"249","2020-01-21",166.679993,168.190002,166.429993,166.5,29517200,163.385147
"250","2020-01-22",167.399994,167.490005,165.679993,165.699997,24138800,162.600067
"251","2020-01-23",166.190002,166.800003,165.270004,166.720001,19680800,163.600998
"252","2020-01-24",167.509995,167.529999,164.449997,165.039993,24918100,161.952423
"253","2020-01-27",161.149994,163.380005,160.199997,162.279999,32078100,159.244064
"254","2020-01-28",163.779999,165.759995,163.070007,165.460007,24899900,162.364578
"255","2020-01-29",167.839996,168.75,165.690002,168.039993,34754500,164.896286
"256","2020-01-30",174.050003,174.050003,170.789993,172.779999,51597500,169.547592
"257","2020-01-31",172.210007,172.399994,169.580002,170.229996,36142700,167.045334
"258","2020-02-03",170.429993,174.5,170.399994,174.380005,30107000,171.117691
"259","2020-02-04",177.139999,180.639999,176.309998,180.119995,36433300,176.75029
"260","2020-02-05",184.029999,184.199997,178.410004,179.899994,39186300,176.534424
"261","2020-02-06",180.970001,183.820007,180.059998,183.630005,27751400,180.194656
"262","2020-02-07",182.850006,185.630005,182.479996,183.889999,33529100,180.449783
"263","2020-02-10",183.580002,188.839996,183.25,188.699997,35844300,185.169769
"264","2020-02-11",190.649994,190.699997,183.5,184.440002,53159900,180.989487
"265","2020-02-12",185.580002,185.850006,181.850006,184.710007,47062900,181.25444
"266","2020-02-13",183.080002,186.229996,182.869995,183.710007,35295800,180.273132
"267","2020-02-14",183.25,185.410004,182.649994,185.350006,23149500,181.882477
"268","2020-02-18",185.610001,187.699997,185.5,187.229996,27792200,183.727295
"269","2020-02-19",188.059998,188.179993,186.470001,187.279999,29997500,184.27832
"270","2020-02-20",186.949997,187.25,181.100006,184.419998,36862400,181.464157
"271","2020-02-21",183.169998,183.5,177.25,178.589996,48572600,175.727615
"272","2020-02-24",167.770004,174.550003,163.229996,170.889999,68311100,168.151031
"273","2020-02-25",174.199997,174.839996,167.649994,168.070007,68073300,165.376221
"274","2020-02-26",169.710007,173.259995,168.210007,170.169998,56206100,167.442551
"275","2020-02-27",163.320007,167.029999,157.979996,158.179993,93174900,155.64473
"276","2020-02-28",152.410004,163.710007,152,162.009995,97012700,159.41333
"277","2020-03-02",165.309998,172.919998,162.309998,172.789993,71030800,170.020554
"278","2020-03-03",173.800003,175,162.259995,164.509995,71677000,161.873276
"279","2020-03-04",168.490005,170.699997,165.619995,170.550003,49814400,167.816467
"280","2020-03-05",166.050003,170.869995,165.690002,166.270004,47817300,163.605042
"281","2020-03-06",162.610001,163.110001,156,161.570007,72821100,158.980408
"282","2020-03-09",151,157.75,150,150.619995,70419300,148.205887
"283","2020-03-10",158.160004,161.029999,152.580002,160.919998,65354400,158.34082
"284","2020-03-11",157.130005,157.699997,151.149994,153.630005,56371600,151.167679
"285","2020-03-12",145.300003,153.470001,138.580002,139.059998,93226400,136.831192
"286","2020-03-13",147.5,161.910004,140.729996,158.830002,92727400,156.284302
"287","2020-03-16",140,149.350006,135,135.419998,87905900,133.249527
"288","2020-03-17",140,147.5,135,146.570007,81059800,144.220825
"289","2020-03-18",138,146,135.020004,140.399994,81593200,138.149719
"290","2020-03-19",142.770004,150.149994,139,142.710007,85922700,140.422684
"291","2020-03-20",146,147.100006,135.860001,137.350006,84866200,135.148575
"292","2020-03-23",137.009995,140.570007,132.520004,135.979996,78975200,133.800537
"293","2020-03-24",143.75,149.600006,141.270004,148.339996,82516700,145.962433
"294","2020-03-25",148.910004,154.330002,144.440002,146.919998,75638200,144.565186
"295","2020-03-26",148.399994,156.660004,148.369995,156.110001,64568100,153.60791
"296","2020-03-27",151.75,154.889999,149.199997,149.699997,57042300,147.300629
"297","2020-03-30",152.440002,160.600006,150.009995,160.229996,63420300,157.66188
"298","2020-03-31",159.399994,164.779999,156.559998,157.710007,77927200,155.182251
"299","2020-04-01",153,157.75,150.820007,152.110001,57969900,149.672028
"300","2020-04-02",151.860001,155.479996,150.360001,155.259995,49630700,152.77153
"301","2020-04-03",155.100006,157.380005,152.190002,153.830002,41243300,151.364456
"302","2020-04-06",160.320007,166.5,157.580002,165.270004,67111700,162.621109
"303","2020-04-07",169.589996,170,163.259995,163.490005,62769000,160.869629
"304","2020-04-08",165.669998,166.669998,163.5,165.130005,48318200,162.483322
"305","2020-04-09",166.360001,167.369995,163.330002,165.139999,51385100,162.493164
"306","2020-04-13",164.350006,165.570007,162.300003,165.509995,41905300,162.857224
"307","2020-04-14",169,173.75,168,173.699997,52874300,170.915985
"308","2020-04-15",171.199997,173.570007,169.240005,171.880005,40940800,169.125137
"309","2020-04-16",174.300003,177.279999,172.899994,177.039993,50479600,174.202438
"310","2020-04-17",179.5,180,175.869995,178.600006,52765600,175.737442
"311","2020-04-20",176.630005,178.75,174.990005,175.059998,36669600,172.254166
"312","2020-04-21",173.5,173.669998,166.110001,167.820007,56203700,165.130234
"313","2020-04-22",171.389999,174,170.820007,173.520004,34620200,170.738876
"314","2020-04-23",174.110001,175.059998,170.910004,171.419998,32790800,168.672501
"315","2020-04-24",172.059998,174.559998,170.710007,174.550003,34277600,171.75235
"316","2020-04-27",176.589996,176.899994,173.300003,174.050003,33194400,171.260361
"317","2020-04-28",175.589996,175.669998,169.389999,169.809998,34392700,167.088348
"318","2020-04-29",173.220001,177.679993,171.880005,177.429993,51286600,174.586182
"319","2020-04-30",180,180.399994,176.229996,179.210007,53875900,176.337662
"320","2020-05-01",175.800003,178.639999,174.009995,174.570007,39370500,171.772049
"321","2020-05-04",174.490005,179,173.800003,178.839996,30372900,175.973572
"322","2020-05-05",180.619995,183.649994,179.899994,180.759995,36839200,177.862823
"323","2020-05-06",182.080002,184.199997,181.630005,182.539993,32139300,179.614304
"324","2020-05-07",184.169998,184.550003,182.580002,183.600006,28316000,180.657303
"325","2020-05-08",184.979996,185,183.360001,184.679993,30877800,181.719971
"326","2020-05-11",183.149994,187.509995,182.850006,186.740005,30892700,183.746979
"327","2020-05-12",186.800003,187.039993,182.300003,182.509995,32038200,179.584747
"328","2020-05-13",182.550003,184.050003,176.539993,179.75,44711500,176.869003
"329","2020-05-14",177.539993,180.690002,175.679993,180.529999,41873900,177.636505
"330","2020-05-15",179.059998,187.059998,177,183.160004,46610400,180.224365
"331","2020-05-18",185.75,186.199997,183.960007,184.910004,35264500,181.946304
"332","2020-05-19",185.029999,186.600006,183.490005,183.630005,26799100,180.686829
"333","2020-05-20",184.809998,185.850006,183.940002,185.660004,31261300,183.1931
"334","2020-05-21",185.399994,186.669998,183.289993,183.429993,29119500,180.992706
"335","2020-05-22",183.190002,184.460007,182.539993,183.509995,20826900,181.071625
"336","2020-05-26",186.339996,186.5,181.100006,181.570007,36073600,179.157425
"337","2020-05-27",180.199997,181.990005,176.600006,181.809998,39517100,179.394226
"338","2020-05-28",180.740005,184.149994,180.380005,181.399994,33810200,178.98967
"339","2020-05-29",182.729996,184.270004,180.410004,183.25,42130400,180.815109
"340","2020-06-01",182.539993,183,181.460007,182.830002,22622400,180.400681
"341","2020-06-02",184.25,185,181.350006,184.910004,30794600,182.453049
"342","2020-06-03",184.820007,185.940002,183.580002,185.360001,27311000,182.897064
"343","2020-06-04",184.300003,185.839996,182.300003,182.919998,28761800,180.489471
"344","2020-06-05",182.619995,187.729996,182.009995,187.199997,39893600,184.712616
"345","2020-06-08",185.940002,188.550003,184.440002,188.360001,33211600,185.857208
"346","2020-06-09",188,190.699997,187.259995,189.800003,29783900,187.278061
"347","2020-06-10",191.130005,198.520004,191.009995,196.839996,43872300,194.224533
"348","2020-06-11",193.130005,195.759995,186.070007,186.270004,52854700,183.794983
"349","2020-06-12",190.539993,191.720001,185.179993,187.740005,43373600,185.245438
"350","2020-06-15",184.580002,190.820007,184.009995,188.940002,32770200,186.429504
"351","2020-06-16",192.889999,195.580002,191.460007,193.570007,42556700,190.997986
"352","2020-06-17",195.029999,196.320007,193.690002,194.240005,25687800,191.659073
"353","2020-06-18",194,196.490005,194,196.320007,23061600,193.711411
"354","2020-06-19",198.589996,199.289993,194.369995,195.149994,44441100,192.556976
"355","2020-06-22",195.789993,200.759995,195.229996,200.570007,32818900,197.904968
"356","2020-06-23",202.089996,203.949997,201.429993,201.910004,30917400,199.227158
"357","2020-06-24",201.600006,203.25,196.559998,197.839996,36740600,195.211243
"358","2020-06-25",197.800003,200.610001,195.470001,200.339996,27803900,197.678009
"359","2020-06-26",199.729996,199.889999,194.880005,196.330002,54675800,193.721298
"360","2020-06-29",195.779999,198.529999,193.550003,198.440002,26701600,195.803268
"361","2020-06-30",197.880005,204.399994,197.740005,203.509995,34310300,200.805893
"362","2020-07-01",203.139999,206.350006,201.770004,204.699997,32061200,201.980072
"363","2020-07-02",205.679993,208.020004,205,206.259995,29315800,203.519348
"364","2020-07-06",208.830002,211.130005,208.089996,210.699997,31897600,207.90033
"365","2020-07-07",210.449997,214.669998,207.990005,208.25,33600700,205.48288
"366","2020-07-08",210.070007,213.259995,208.690002,212.830002,33600000,210.00206
"367","2020-07-09",216.330002,216.380005,211.470001,214.320007,33121700,211.47226
"368","2020-07-10",213.619995,214.080002,211.080002,213.669998,26177600,210.830902
"369","2020-07-13",214.479996,215.800003,206.5,207.070007,38135600,204.318604
"370","2020-07-14",206.130005,208.850006,202.029999,208.350006,37591800,205.581589
"371","2020-07-15",209.559998,211.330002,205.029999,208.039993,32179400,205.275696
"372","2020-07-16",205.399994,205.699997,202.309998,203.919998,29940700,201.210434
"373","2020-07-17",204.470001,205.039993,201.389999,202.880005,31635300,200.184265
"374","2020-07-20",205,212.300003,203.009995,211.600006,36884800,208.788391
"375","2020-07-21",213.660004,213.940002,208.029999,208.75,37990400,205.976273
"376","2020-07-22",209.199997,212.300003,208.389999,211.75,49605700,208.936386
"377","2020-07-23",207.190002,210.919998,202.149994,202.539993,67457000,199.848801
"378","2020-07-24",200.419998,202.860001,197.509995,201.300003,39827000,198.625275
"379","2020-07-27",201.470001,203.970001,200.860001,203.850006,30160900,201.141388
"380","2020-07-28",203.610001,204.699997,201.740005,202.020004,23251400,199.335709
"381","2020-07-29",202.5,204.649994,202.009995,204.059998,19632600,201.348572
"382","2020-07-30",201,204.460007,199.570007,203.899994,25079600,201.19072
"383","2020-07-31",204.399994,205.100006,199.009995,205.009995,51044000,202.285965
"384","2020-08-03",211.520004,217.639999,210.440002,216.539993,78983000,213.66275
"385","2020-08-04",214.169998,214.770004,210.309998,213.289993,49280100,210.455948
"386","2020-08-05",214.899994,215,211.570007,212.940002,28806400,210.110596
"387","2020-08-06",212.339996,216.369995,211.550003,216.350006,32656800,213.475296
"388","2020-08-07",214.850006,215.699997,210.929993,212.479996,27820400,209.656708
"389","2020-08-10",211.669998,211.880005,206.350006,208.25,36716500,205.48288
"390","2020-08-11",207.160004,207.649994,203.139999,203.380005,36446500,200.677628
"391","2020-08-12",205.289993,210.279999,204.75,209.190002,28013100,206.410431
"392","2020-08-13",209.440002,211.350006,208.149994,208.699997,22588900,205.926926
"393","2020-08-14",208.759995,209.589996,207.509995,208.899994,17958900,206.124252
"394","2020-08-17",209.600006,211.190002,208.919998,210.279999,20184800,207.485931
"395","2020-08-18",210.529999,212.360001,209.210007,211.490005,21336200,208.679871
"396","2020-08-19",211.490005,212.100006,209.25,209.699997,27627600,207.413803
"397","2020-08-20",209.539993,215,208.910004,214.580002,26981500,212.240616
"398","2020-08-21",213.860001,216.25,212.850006,213.020004,36249300,210.697617
"399","2020-08-24",214.789993,215.520004,212.429993,213.690002,25460100,211.360321
"400","2020-08-25",213.100006,216.610001,213.100006,216.470001,23043700,214.110016
"401","2020-08-26",217.880005,222.089996,217.360001,221.149994,39600800,218.738968
"402","2020-08-27",222.889999,231.149994,219.399994,226.580002,57602200,224.109802
"403","2020-08-28",228.179993,230.639999,226.580002,228.910004,26292900,226.414398
"404","2020-08-31",227,228.699997,224.309998,225.529999,28774200,223.071213
"405","2020-09-01",225.509995,227.449997,224.429993,227.270004,25725500,224.792297
"406","2020-09-02",227.970001,232.860001,227.350006,231.649994,34080800,229.124512
"407","2020-09-03",229.270004,229.309998,214.960007,217.300003,58400300,214.930969
"408","2020-09-04",215.100006,218.360001,205.190002,214.25,59664100,211.91423
"409","2020-09-08",206.5,210.029999,202.199997,202.660004,52924300,200.450592
"410","2020-09-09",207.600006,214.839996,206.699997,211.289993,45679000,208.986465
"411","2020-09-10",213.399994,214.740005,204.110001,205.369995,35461500,203.131012
"412","2020-09-11",207.199997,208.630005,201.240005,204.029999,33620100,201.805649
"413","2020-09-14",204.240005,209.199997,204.029999,205.410004,30375800,203.170578
"414","2020-09-15",208.419998,209.779999,206.929993,208.779999,21823900,206.503845
"415","2020-09-16",210.619995,210.649994,204.639999,205.050003,26328100,202.814514
"416","2020-09-17",200.050003,204.330002,199.960007,202.910004,34011300,200.697845
"417","2020-09-18",202.800003,203.649994,196.25,200.389999,55225300,198.205322
"418","2020-09-21",197.190002,202.710007,196.380005,202.539993,39839700,200.331894
"419","2020-09-22",205.059998,208.100006,202.080002,207.419998,33517100,205.158661
"420","2020-09-23",207.899994,208.100006,200.029999,200.589996,30803800,198.403137
"421","2020-09-24",199.850006,205.570007,199.199997,203.190002,31202500,200.974792
"422","2020-09-25",203.550003,209.039993,202.539993,207.820007,29437300,205.554337
"423","2020-09-28",210.880005,212.570007,208.059998,209.440002,32004900,207.156662
"424","2020-09-29",209.350006,210.070007,206.809998,207.259995,24221900,205.000412
"425","2020-09-30",207.729996,211.979996,206.539993,210.330002,33829100,208.036957
"426","2020-10-01",213.490005,213.990005,211.320007,212.460007,27158400,210.143753
"427","2020-10-02",208,210.990005,205.539993,206.190002,33154800,203.942093
"428","2020-10-05",207.220001,210.410004,206.979996,210.380005,21331600,208.086395
"429","2020-10-06",208.820007,210.179993,204.820007,205.910004,28554300,203.665161
"430","2020-10-07",207.059998,210.110001,206.720001,209.830002,25681100,207.542404
"431","2020-10-08",210.509995,211.190002,208.320007,210.580002,19925800,208.28421
"432","2020-10-09",211.229996,215.860001,211.229996,215.809998,26458000,213.457214
"433","2020-10-12",218.789993,223.860001,216.809998,221.399994,40461400,218.986252
"434","2020-10-13",222.720001,225.210007,220.429993,222.860001,28950800,220.430344
"435","2020-10-14",223,224.220001,219.130005,220.860001,23421700,218.452164
"436","2020-10-15",217.100006,220.360001,216.009995,219.660004,22733100,217.265228
"437","2020-10-16",220.149994,222.289993,219.320007,219.660004,26057900,217.265228
"438","2020-10-19",220.419998,222.300003,213.720001,214.220001,27625800,211.884552
"439","2020-10-20",215.800003,217.369995,213.089996,214.649994,22753500,212.309845
"440","2020-10-21",213.119995,216.919998,213.119995,214.800003,22724900,212.458221
"441","2020-10-22",213.929993,216.059998,211.699997,214.889999,22351500,212.547226
"442","2020-10-23",215.029999,216.279999,213.160004,216.229996,18879600,213.872635
"443","2020-10-26",213.850006,216.339996,208.100006,210.080002,37111600,207.789673
"444","2020-10-27",211.589996,214.669998,210.330002,213.25,36700300,210.925125
"445","2020-10-28",207.669998,208.839996,202.100006,202.679993,51195600,200.470367
"446","2020-10-29",204.070007,207.360001,203.369995,204.720001,31432600,202.488098
"447","2020-10-30",203.5,204.289993,199.619995,202.470001,36953700,200.262634
"448","2020-11-02",204.289993,205.279999,200.119995,202.330002,30842200,200.124161
"449","2020-11-03",203.889999,208.119995,203.119995,206.429993,27512000,204.179474
"450","2020-11-04",214.020004,218.320007,212.419998,216.389999,42311800,214.030884
"451","2020-11-05",222.039993,224.119995,221.149994,223.289993,36080100,220.855667
"452","2020-11-06",222.259995,224.360001,218.029999,223.720001,25231900,221.280975
"453","2020-11-09",224.440002,228.119995,217.880005,218.389999,44395000,216.009064
"454","2020-11-10",214.5,216.5,209.720001,211.009995,44045100,208.709534
"455","2020-11-11",212.389999,218.039993,212.199997,216.550003,29440800,214.189148
"456","2020-11-12",217.210007,219.110001,214.460007,215.440002,21593900,213.091248
"457","2020-11-13",216.360001,217.419998,214.160004,216.509995,18621100,214.149582
"458","2020-11-16",214.869995,217.740005,214.520004,217.229996,24953300,214.86174
"459","2020-11-17",216.100006,217.679993,214.080002,214.460007,24154100,212.121933
"460","2020-11-18",213.649994,215.169998,210.929993,211.080002,28372800,209.325363
"461","2020-11-19",211.380005,213.029999,209.929993,212.419998,24792700,210.654236
"462","2020-11-20",212.199997,213.289993,210,210.389999,22843100,208.641113
"463","2020-11-23",210.949997,212.289993,208.160004,210.110001,25683500,208.363434
"464","2020-11-24",209.589996,214.25,208.860001,213.860001,33979700,212.08226
"465","2020-11-25",215.110001,215.289993,212.460007,213.869995,21012900,212.092194
"466","2020-11-27",214.850006,216.270004,214.039993,215.229996,14512200,213.440872
"467","2020-11-30",214.100006,214.759995,210.839996,214.070007,33064800,212.290527
"468","2020-12-01",214.509995,217.320007,213.350006,216.210007,30904500,214.412735
"469","2020-12-02",214.880005,215.470001,212.800003,215.369995,23724500,213.579697
"470","2020-12-03",214.610001,216.380005,213.649994,214.240005,25120900,212.459106
"471","2020-12-04",214.220001,215.380005,213.179993,214.360001,24666000,212.578094
"472","2020-12-07",214.369995,215.539993,212.990005,214.289993,24620000,212.508682
"473","2020-12-08",213.970001,216.949997,212.889999,216.009995,23284100,214.214386
"474","2020-12-09",215.160004,215.229996,211.210007,211.800003,32440600,210.039398
"475","2020-12-10",211.770004,213.080002,210.360001,210.520004,26733300,208.77002
"476","2020-12-11",210.050003,213.320007,209.110001,213.259995,30979400,211.487244
"477","2020-12-14",213.100006,216.210007,212.880005,214.199997,28798400,212.419434
"478","2020-12-15",215.169998,215.419998,212.240005,214.130005,27000600,212.350021
"479","2020-12-16",214.75,220.110001,214.720001,219.279999,35023300,217.457199
"480","2020-12-17",219.869995,220.889999,217.919998,219.419998,32515800,217.596039
"481","2020-12-18",218.589996,219.690002,216.020004,218.589996,63354900,216.772934
"482","2020-12-21",217.550003,224,217.279999,222.589996,37181900,220.739685
"483","2020-12-22",222.690002,225.630005,221.850006,223.940002,22612200,222.078476
"484","2020-12-23",223.110001,223.559998,220.800003,221.020004,18699600,219.182739
"485","2020-12-24",221.419998,223.610001,221.199997,222.75,10550600,220.898361
"486","2020-12-28",224.449997,226.029999,223.020004,224.960007,17933500,223.089996
"487","2020-12-29",226.309998,227.179993,223.580002,224.149994,17403200,222.286713
"488","2020-12-30",225.229996,225.630005,221.470001,221.679993,20272300,219.837265
"489","2020-12-31",221.699997,223,219.679993,222.419998,20942100,220.571106
"490","2021-01-04",222.529999,223,214.809998,217.690002,37130100,215.880432
"491","2021-01-05",217.259995,218.520004,215.699997,217.899994,23823000,216.088669
"492","2021-01-06",212.169998,216.490005,211.940002,212.25,35930700,210.485641
"493","2021-01-07",214.039993,219.339996,213.710007,218.289993,27694500,216.475418
"494","2021-01-08",218.679993,220.580002,217.029999,219.619995,22956200,217.794388
"495","2021-01-11",218.470001,218.910004,216.729996,217.490005,23031300,215.682083
"496","2021-01-12",216.5,217.100006,213.320007,214.929993,23249300,213.143372
"497","2021-01-13",214.020004,216.759995,213.929993,216.339996,20087100,214.541641
"498","2021-01-14",215.910004,217.460007,212.740005,213.020004,29480800,211.249252
"499","2021-01-15",213.520004,214.509995,212.029999,212.649994,31746500,210.882294
"500","2021-01-19",213.75,216.979996,212.630005,216.440002,30480900,214.640823
"501","2021-01-20",217.699997,225.789993,217.289993,224.339996,37777300,222.475143
"502","2021-01-21",224.699997,226.300003,222.419998,224.970001,30709400,223.099915
"503","2021-01-22",227.080002,230.070007,225.800003,225.949997,30172700,224.071747
"504","2021-01-25",229.119995,229.779999,224.220001,229.529999,33152100,227.622025
"505","2021-01-26",231.860001,234.179993,230.080002,232.330002,49169600,230.398727
"506","2021-01-27",238,240.440002,230.139999,232.899994,69870600,230.963989
"507","2021-01-28",235.610001,242.639999,235.089996,238.929993,49111200,236.943863
"508","2021-01-29",235.990005,238.020004,231.350006,231.960007,42503100,230.031799
"509","2021-02-01",235.059998,242.5,232.429993,239.649994,33314200,237.657883
"510","2021-02-02",241.300003,242.309998,238.690002,239.509995,25916300,237.519043
"511","2021-02-03",239.570007,245.089996,239.259995,243,27158100,240.980026
"512","2021-02-04",242.660004,243.240005,240.369995,242.009995,25296100,239.99826
"513","2021-02-05",242.229996,243.279999,240.419998,242.199997,18054800,240.186676
"514","2021-02-08",243.149994,243.679993,240.809998,242.470001,22211900,240.454437
"515","2021-02-09",241.869995,244.759995,241.380005,243.770004,23565000,241.743637
"516","2021-02-10",245,245.919998,240.889999,242.820007,22186700,240.801529
"517","2021-02-11",244.779999,245.149994,242.149994,244.490005,15751100,242.457642
"518","2021-02-12",243.929993,245.300003,242.729996,244.990005,16561100,242.953491
"519","2021-02-16",245.029999,246.130005,242.919998,243.699997,26728500,241.67421
"520","2021-02-17",241.320007,244.309998,240.940002,244.199997,21653500,242.727814
"521","2021-02-18",241.800003,243.929993,240.860001,243.789993,16925600,242.320282
"522","2021-02-19",243.75,243.860001,240.179993,240.970001,25262600,239.517288
"523","2021-02-22",237.419998,237.929993,232.399994,234.509995,36446900,233.096222
"524","2021-02-23",230.330002,234.830002,228.729996,233.270004,30228700,231.863708
"525","2021-02-24",230.009995,235.199997,229,234.550003,26339700,233.135986
"526","2021-02-25",232.080002,234.589996,227.880005,228.990005,39542200,227.609512
"527","2021-02-26",231.529999,235.369995,229.539993,232.380005,37819200,230.97908
"528","2021-03-01",235.899994,237.470001,233.149994,236.940002,25324000,235.511581
"529","2021-03-02",237.009995,237.300003,233.449997,233.869995,22812500,232.460083
"530","2021-03-03",232.160004,233.580002,227.259995,227.559998,34029500,226.188126
"531","2021-03-04",226.740005,232.490005,224.259995,226.729996,44727800,225.363129
"532","2021-03-05",229.520004,233.270004,226.460007,231.600006,41872800,230.203781
"533","2021-03-08",231.369995,233.369995,227.130005,227.389999,35267400,226.019165
"534","2021-03-09",232.880005,235.380005,231.669998,233.779999,33080500,232.370621
"535","2021-03-10",237,237,232.039993,232.419998,29746800,231.018829
"536","2021-03-11",234.960007,239.169998,234.309998,237.130005,29907600,235.700439
"537","2021-03-12",234.009995,235.820007,233.229996,235.75,22653700,234.328751
"538","2021-03-15",234.960007,235.190002,231.809998,234.809998,26034900,233.394409
"539","2021-03-16",236.279999,240.059998,235.940002,237.710007,28092200,236.276947
"540","2021-03-17",236.149994,238.550003,233.229996,237.039993,29562100,235.610977
"541","2021-03-18",232.559998,234.190002,230.330002,230.720001,34833000,229.329086
"542","2021-03-19",231.020004,232.470001,229.350006,230.350006,46430700,228.961319
"543","2021-03-22",230.270004,236.899994,230.139999,235.990005,30127000,234.567322
"544","2021-03-23",237.490005,241.050003,237.070007,237.580002,31638400,236.147736
"545","2021-03-24",237.850006,238,235.320007,235.460007,25620100,234.040512
"546","2021-03-25",235.300003,236.940002,231.570007,232.339996,34061900,230.939316
"547","2021-03-26",231.550003,236.710007,231.550003,236.479996,25479900,235.054337
"548","2021-03-29",236.589996,236.800003,231.880005,235.240005,25227500,233.821838
"549","2021-03-30",233.529999,233.850006,231.100006,231.850006,24792000,230.452271
"550","2021-03-31",232.910004,239.100006,232.389999,235.770004,43623500,234.348633
"551","2021-04-01",238.470001,242.839996,238.050003,242.350006,30338000,240.888977
"552","2021-04-05",242.759995,249.960007,242.699997,249.070007,36910600,247.568466
"553","2021-04-06",247.610001,249.399994,246.880005,247.860001,22931900,246.365738
"554","2021-04-07",247.809998,250.929993,247.190002,249.899994,22719800,248.393448
"555","2021-04-08",252.770004,254.139999,252,253.25,23625200,251.723251
"556","2021-04-09",252.869995,255.990005,252.440002,255.850006,24326800,254.307587
"557","2021-04-12",254.710007,257.670013,254.619995,255.910004,27148700,254.367218
"558","2021-04-13",257.26001,259.190002,256.829987,258.48999,23837500,256.931671
"559","2021-04-14",257.480011,258.829987,255.160004,255.589996,23070900,254.049149
"560","2021-04-15",257.929993,259.929993,257.730011,259.5,25627500,257.935577
"561","2021-04-16",259.470001,261,257.600006,260.73999,24878600,259.168091
"562","2021-04-19",260.190002,261.480011,257.820007,258.73999,23209300,257.180145
"563","2021-04-20",257.820007,260.200012,256.839996,258.26001,19722900,256.703064
"564","2021-04-21",258.940002,260.679993,257.25,260.579987,24030400,259.009064
"565","2021-04-22",260.209991,261.779999,255.639999,257.170013,25606200,255.619629
"566","2021-04-23",257.880005,261.51001,257.269989,261.149994,21462600,259.575623
"567","2021-04-26",261.660004,262.440002,260.170013,261.549988,19763300,259.973206
"568","2021-04-27",261.579987,263.190002,260.119995,261.970001,31014200,260.390717
"569","2021-04-28",256.079987,256.540009,252.949997,254.559998,46903100,253.02536
"570","2021-04-29",255.460007,256.100006,249,252.509995,40589000,250.987717
"571","2021-04-30",249.740005,253.080002,249.600006,252.179993,30945100,250.659683
"572","2021-05-03",253.399994,254.350006,251.119995,251.860001,19626600,250.341629
"573","2021-05-04",250.970001,251.210007,245.759995,247.789993,32756100,246.296158
"574","2021-05-05",249.059998,249.5,245.820007,246.470001,21901300,244.984131
"575","2021-05-06",246.449997,249.860001,244.690002,249.729996,26491100,248.224472
"576","2021-05-07",252.149994,254.300003,251.169998,252.460007,27032900,250.938019
"577","2021-05-10",250.869995,251.729996,247.119995,247.179993,29299900,245.689835
"578","2021-05-11",244.550003,246.600006,242.570007,246.229996,33641600,244.74556
"579","2021-05-12",242.169998,244.380005,238.070007,239,36684400,237.559174
"580","2021-05-13",241.800003,245.600006,241.419998,243.029999,29624300,241.564865
"581","2021-05-14",245.580002,249.179993,245.490005,248.149994,23901100,246.654007
"582","2021-05-17",246.550003,246.589996,243.520004,245.179993,24970200,243.701889
"583","2021-05-18",246.270004,246.410004,242.899994,243.080002,20168000,241.614578
"584","2021-05-19",239.309998,243.229996,238.600006,243.119995,25739800,242.212326
"585","2021-05-20",243.960007,247.949997,243.860001,246.479996,21800700,245.559784
"586","2021-05-21",247.570007,248.330002,244.740005,245.169998,21863100,244.254669
"587","2021-05-24",247.789993,251.160004,247.509995,250.779999,21411500,249.843735
"588","2021-05-25",251.770004,252.75,250.820007,251.720001,17704300,250.780228
"589","2021-05-26",251.429993,252.940002,250.75,251.490005,17771600,250.551086
"590","2021-05-27",251.169998,251.479996,249.25,249.309998,24426200,248.379227
"591","2021-05-28",251,252.080002,249.559998,249.679993,18270200,248.747818
"592","2021-06-01",251.229996,251.289993,246.960007,247.399994,23213300,246.476349
"593","2021-06-02",248.130005,249.270004,245.839996,247.300003,19406700,246.376724
"594","2021-06-03",245.220001,246.339996,243,245.710007,25307700,244.792679
"595","2021-06-04",247.759995,251.649994,247.509995,250.789993,25281100,249.853683
"596","2021-06-07",249.979996,254.089996,249.809998,253.809998,23079200,252.862411
"597","2021-06-08",255.160004,256.01001,252.509995,252.570007,22455000,251.62706
"598","2021-06-09",253.809998,255.529999,253.210007,253.589996,17937600,252.643234
"599","2021-06-10",254.289993,257.459991,253.669998,257.23999,24563600,256.279602
"600","2021-06-11",257.98999,258.48999,256.609985,257.890015,18999700,256.927185
"601","2021-06-14",257.899994,259.950012,256.799988,259.890015,19150500,258.919739
"602","2021-06-15",259.769989,259.98999,257.679993,258.359985,18038900,257.395416
"603","2021-06-16",259.399994,260.579987,254.419998,257.380005,27220000,256.419098
"604","2021-06-17",256.070007,261.75,256.01001,260.899994,27565500,259.925964
"605","2021-06-18",259.630005,262.299988,258.75,259.429993,37202200,258.461426
"606","2021-06-21",259.820007,263.519989,257.920013,262.630005,26696100,261.649475
"607","2021-06-22",262.720001,265.790009,262.399994,265.51001,24694100,264.518738
"608","2021-06-23",265.98999,266.829987,264.429993,265.269989,19518700,264.279633
"609","2021-06-24",266.160004,267.850006,265.470001,266.690002,21446900,265.694336
"610","2021-06-25",266.230011,267.25,264.76001,265.019989,25611100,264.030579
"611","2021-06-28",266.190002,268.899994,265.910004,268.720001,19590000,267.716766
"612","2021-06-29",268.869995,271.649994,267.980011,271.399994,19937800,270.386719
"613","2021-06-30",270.690002,271.359985,269.600006,270.899994,21656500,269.888611
"614","2021-07-01",269.609985,271.839996,269.600006,271.600006,16725300,270.586029
"615","2021-07-02",272.820007,278,272.5,277.649994,26458000,276.613403
"616","2021-07-06",278.029999,279.369995,274.299988,277.660004,31565600,276.623383
"617","2021-07-07",279.399994,280.690002,277.149994,279.929993,23260000,278.884888
"618","2021-07-08",276.899994,278.730011,274.869995,277.420013,24618600,276.384277
"619","2021-07-09",275.720001,278.049988,275.320007,277.940002,23916700,276.902344
"620","2021-07-12",279.160004,279.769989,276.579987,277.320007,18931700,276.284668
"621","2021-07-13",277.519989,282.850006,277.390015,280.980011,26120100,279.930969
"622","2021-07-14",282.350006,283.660004,280.549988,282.51001,23113700,281.455292
"623","2021-07-15",282,282.51001,279.829987,281.029999,22604200,279.980774
"624","2021-07-16",282.070007,284.100006,279.459991,280.75,26186800,279.701843
"625","2021-07-19",278.929993,280.369995,274.450012,277.01001,32935600,275.9758
"626","2021-07-20",278.029999,280.970001,276.26001,279.320007,26259700,278.277161
"627","2021-07-21",278.899994,281.519989,277.290009,281.399994,24364300,280.349396
"628","2021-07-22",283.839996,286.420013,283.420013,286.140015,23384100,285.071716
"629","2021-07-23",287.369995,289.98999,286.5,289.670013,22768100,288.588531
"630","2021-07-26",289,289.690002,286.640015,289.049988,23176100,287.970825
"631","2021-07-27",289.429993,289.579987,282.950012,286.540009,33604100,285.470215
"632","2021-07-28",288.98999,290.149994,283.829987,286.220001,33566900,285.151398
"633","2021-07-29",286.23999,288.619995,286.079987,286.5,18168300,285.430389
"634","2021-07-30",285.170013,286.660004,283.910004,284.910004,20940900,283.846313
"635","2021-08-02",286.359985,286.769989,283.73999,284.820007,16267400,283.756653
"636","2021-08-03",285.420013,287.230011,284,287.119995,17879000,286.048065
"637","2021-08-04",286.220001,287.589996,284.649994,286.51001,16191300,285.440338
"638","2021-08-05",286.880005,289.630005,286.100006,289.519989,13900200,288.439087
"639","2021-08-06",288.51001,289.5,287.619995,289.459991,16585200,288.379333
"640","2021-08-09",289.75,291.549988,287.809998,288.329987,16117600,287.25351
"641","2021-08-10",288.799988,289.25,285.200012,286.440002,18616600,285.370605
"642","2021-08-11",287.209991,288.660004,285.859985,286.950012,13955900,285.878723
"643","2021-08-12",286.630005,289.970001,286.339996,289.809998,14561300,288.728027
"644","2021-08-13",289.480011,292.899994,289.299988,292.850006,18231400,291.756653
"645","2021-08-16",293.190002,294.820007,290.019989,294.600006,22507600,293.500153
"646","2021-08-17",292.390015,293.429993,291.079987,293.079987,20075300,291.985809
"647","2021-08-18",292.040009,294.820007,290.269989,290.730011,21813000,290.199097
"648","2021-08-19",288.690002,297.470001,288.640015,296.769989,29850500,296.228027
"649","2021-08-20",299.720001,305.839996,298.059998,304.359985,40796100,303.804169
"650","2021-08-23",303.25,305.399994,301.850006,304.649994,22830200,304.093658
"651","2021-08-24",305.019989,305.649994,302,302.619995,18175800,302.067352
"652","2021-08-25",304.299988,304.589996,300.420013,302.01001,20006100,301.458496
"653","2021-08-26",300.98999,302.429993,298.950012,299.089996,17666100,298.543823
"654","2021-08-27",298.98999,300.869995,296.829987,299.720001,22597000,299.172668
"655","2021-08-30",301.119995,304.220001,301.059998,303.589996,16348100,303.035583
"656","2021-08-31",304.420013,304.5,301.5,301.880005,26285300,301.328735
"657","2021-09-01",302.869995,305.190002,301.48999,301.829987,18983800,301.278809
"658","2021-09-02",302.200012,303.359985,300.179993,301.149994,16285600,300.600037
"659","2021-09-03",300.98999,302.600006,300.26001,301.140015,14747900,300.590088
"660","2021-09-07",301.01001,301.089996,298.200012,300.179993,17180400,299.631805
"661","2021-09-08",299.779999,300.609985,297.470001,300.209991,15046800,299.661743
"662","2021-09-09",300.820007,302.140015,297,297.25,19927000,296.707184
"663","2021-09-10",298.420013,299.920013,295.380005,295.709991,19619400,295.169983
"664","2021-09-13",297.549988,298.540009,294.079987,296.98999,23652900,296.447632
"665","2021-09-14",299.559998,301.390015,298.100006,299.790009,21853400,299.242554
"666","2021-09-15",303.26001,305.320007,301.820007,304.820007,28356300,304.263367
"667","2021-09-16",303.76001,305.309998,300.76001,305.220001,19550800,304.662628
"668","2021-09-17",304.170013,304.5,299.529999,299.869995,41372500,299.322388
"669","2021-09-20",296.329987,298.720001,289.519989,294.299988,38278700,293.762543
"670","2021-09-21",295.690002,297.540009,294.070007,294.799988,22364100,294.261627
"671","2021-09-22",296.730011,300.220001,294.51001,298.579987,26626300,298.034729
"672","2021-09-23",298.850006,300.899994,297.529999,299.559998,18604600,299.012939
"673","2021-09-24",298.230011,299.799988,296.929993,299.350006,14999000,298.803345
"674","2021-09-27",296.140015,296.470001,292.940002,294.170013,23571700,293.632813
"675","2021-09-28",289.799988,290.779999,282.75,283.519989,43186200,283.002228
"676","2021-09-29",285.100006,286.769989,283.01001,284,26353700,283.481354
"677","2021-09-30",285.709991,287.829987,281.619995,281.920013,32325800,281.405182
"678","2021-10-01",282.119995,289.980011,281.290009,289.100006,30086300,288.572052
"679","2021-10-04",287.399994,287.75,280.25,283.109985,31350700,282.592987
"680","2021-10-05",284.049988,290.399994,284.049988,288.76001,24993000,288.232697
"681","2021-10-06",285.779999,293.630005,285.51001,293.109985,28002600,292.574707
"682","2021-10-07",295.179993,296.640015,293.920013,294.850006,20430500,294.311554
"683","2021-10-08",296.220001,296.640015,293.76001,294.850006,17680300,294.311554
"684","2021-10-11",292.920013,297.970001,292.75,294.230011,19298600,293.692688
"685","2021-10-12",295.339996,295.440002,292.350006,292.880005,17974100,292.345154
"686","2021-10-13",294.910004,297.279999,293.48999,296.309998,23416300,295.76889
"687","2021-10-14",299.209991,303.269989,297.829987,302.75,27262900,302.197113
"688","2021-10-15",302.339996,304.450012,300.519989,304.209991,25374700,303.654449
"689","2021-10-18",303.570007,308.209991,302.690002,307.290009,22729300,306.728851
"690","2021-10-19",308.350006,309.299988,307.220001,308.230011,17682100,307.667145
"691","2021-10-20",309.209991,309.700012,306.109985,307.410004,16537100,306.848633
"692","2021-10-21",307.170013,311.019989,306.359985,310.76001,16918100,310.192505
"693","2021-10-22",310.399994,311.089996,307.799988,309.160004,17449300,308.595428
"694","2021-10-25",309.359985,309.399994,306.459991,308.130005,17554500,307.567322
"695","2021-10-26",311,312.399994,308.600006,310.109985,28107300,309.543671
"696","2021-10-27",316,326.100006,316,323.170013,52588700,322.579865
"697","2021-10-28",324.329987,324.869995,321.359985,324.350006,26297900,323.75769
"698","2021-10-29",324.130005,332,323.899994,331.619995,34744900,331.014404
"699","2021-11-01",331.359985,331.48999,326.369995,329.369995,27073200,328.768524
"700","2021-11-02",330.309998,333.450012,330,333.130005,26487100,332.521667
"701","2021-11-03",333.899994,334.899994,330.649994,334,21500100,333.390045
"702","2021-11-04",332.890015,336.540009,329.51001,336.440002,23992200,335.825592
"703","2021-11-05",338.51001,338.790009,334.420013,336.059998,22564000,335.446289
"704","2021-11-08",337.299988,337.649994,334.440002,336.98999,20897000,336.374603
"705","2021-11-09",337.109985,338.720001,334.529999,335.950012,21307400,335.336517
"706","2021-11-10",334.570007,334.630005,329.920013,330.799988,25500900,330.195892
"707","2021-11-11",331.25,333.769989,330.51001,332.429993,16849800,331.822906
"708","2021-11-12",333.920013,337.230011,333.790009,336.720001,23822000,336.105103
"709","2021-11-15",337.540009,337.880005,334.029999,336.070007,16723000,335.456299
"710","2021-11-16",335.679993,340.670013,335.51001,339.51001,20886800,338.890015
"711","2021-11-17",338.940002,342.190002,338,339.119995,19053400,339.119995
"712","2021-11-18",338.179993,342.450012,337.119995,341.269989,22463500,341.269989
"713","2021-11-19",342.640015,345.100006,342.200012,343.109985,21963400,343.109985
"714","2021-11-22",344.619995,349.670013,339.549988,339.829987,31031100,339.829987
"715","2021-11-23",337.049988,339.450012,333.559998,337.679993,30427600,337.679993
"716","2021-11-24",336.279999,338.160004,333.910004,337.910004,21661300,337.910004
"717","2021-11-26",334.350006,337.929993,328.119995,329.679993,24217200,329.679993
"718","2021-11-29",334.940002,339.029999,334.73999,336.630005,28563500,336.630005
"719","2021-11-30",335.320007,337.779999,328.98999,330.589996,42885600,330.589996
"720","2021-12-01",335.130005,339.279999,329.390015,330.079987,33337600,330.079987
"721","2021-12-02",330.299988,333.48999,327.799988,329.48999,30766000,329.48999
"722","2021-12-03",331.98999,332.700012,318.029999,323.01001,41755900,323.01001
"723","2021-12-06",323.950012,327.450012,319.230011,326.190002,30032600,326.190002
"724","2021-12-07",331.640015,335.799988,330.100006,334.920013,31021900,334.920013
"725","2021-12-08",335.309998,335.5,330.799988,334.970001,24761000,334.970001
"726","2021-12-09",334.410004,336.48999,332.119995,333.100006,22214200,333.100006
"727","2021-12-10",334.980011,343,334.790009,342.540009,38077300,342.540009
"728","2021-12-13",340.679993,343.790009,339.079987,339.399994,28899400,339.399994
"729","2021-12-14",333.220001,334.640015,324.109985,328.339996,44438700,328.339996
"730","2021-12-15",328.609985,335.190002,324.5,334.649994,35381100,334.649994
"731","2021-12-16",335.709991,336.76001,323.019989,324.899994,35034800,324.899994
"732","2021-12-17",320.880005,324.920013,317.25,323.799988,47750300,323.799988
"733","2021-12-20",320.049988,322.799988,317.570007,319.910004,28326500,319.910004
"734","2021-12-21",323.290009,327.730011,319.799988,327.290009,24740600,327.290009
"735","2021-12-22",328.299988,333.609985,325.75,333.200012,24831500,333.200012
"736","2021-12-23",332.75,336.390015,332.730011,334.690002,19617800,334.690002
"737","2021-12-27",335.459991,342.480011,335.429993,342.450012,19947000,342.450012
"738","2021-12-28",343.149994,343.809998,340.320007,341.25,15661500,341.25
"739","2021-12-29",341.299988,344.299988,339.679993,341.950012,15042000,341.950012
"740","2021-12-30",341.910004,343.130005,338.820007,339.320007,15994500,339.320007
"741","2021-12-31",338.51001,339.359985,335.850006,336.320007,18000800,336.320007
"742","2022-01-03",335.350006,338,329.779999,334.75,28865100,334.75
"743","2022-01-04",334.829987,335.200012,326.119995,329.01001,32674300,329.01001
"744","2022-01-05",325.859985,326.070007,315.980011,316.380005,40054300,316.380005
"745","2022-01-06",313.149994,318.700012,311.48999,313.880005,39646100,313.880005
"746","2022-01-07",314.149994,316.5,310.089996,314.040009,32674000,314.040009
"747","2022-01-10",309.48999,314.720001,304.690002,314.269989,44289500,314.269989
"748","2022-01-11",313.380005,316.609985,309.890015,314.980011,29386800,314.980011
"749","2022-01-12",319.670013,323.410004,317.079987,318.269989,34372200,318.269989
"750","2022-01-13",320.470001,320.880005,304,304.799988,45366000,304.799988
"751","2022-01-14",304.25,310.820007,303.75,310.200012,39823500,310.200012
"752","2022-01-18",304.070007,309.799988,301.73999,302.649994,42333200,302.649994
"753","2022-01-19",306.290009,313.910004,302.700012,303.329987,45933900,303.329987
"754","2022-01-20",309.070007,311.649994,301.140015,301.600006,35380700,301.600006
"755","2022-01-21",302.690002,304.109985,295.609985,296.029999,57118300,296.029999
